Sample ID,Barcode,Body site,Treatment,Replicate
Colon_A1,CTGCATGATC,Colon,GenX_10mg,1
Colon_C1,CGCGTATCAT,Colon,GenX_C,1
Colon_A2,GTATCTCTCG,Colon,PFOS_5mg,1
Colon_C2,GCTCATATGC,Colon,PFOS_C,1
SI_A1,CACTATGTCG,SI,GenX_10mg,1
SI_C1,TAGCGCGTAG,SI,GenX_C,1
SI_A2,CGTCACAGTA,SI,PFOS_5mg,1
SI_C2,TCGCGTGAGA,SI,PFOS_C,1
Colon_A3,TACATCGCTG,Colon,GenX_10mg,2
Colon_C3,GTGAGAGACA,Colon,GenX_C,2
Colon_A4,GACTGTACGT,Colon,PFOS_5mg,2
Colon_C4,GCACGTAGCT,Colon,PFOS_C,2
SI_A3,TCACGCTATG,SI,GenX_10mg,2
SI_C3,CGTACTACGT,SI,GenX_C,2
SI_A4,CAGCTGAGTA,SI,PFOS_5mg,2
SI_C4,GAGATCAGTC,SI,PFOS_C,2
Colon_A5,TACTGAGCTG,Colon,GenX_10mg,3
Colon_C5,TAGTAGCGCG,Colon,GenX_C,3
Colon_A6,GACGTCTGCT,Colon,PFOS_5mg,3
Colon_C6,GTACTCGCGA,Colon,PFOS_C,3
SI_A5,TCTGAGCGCA,SI,GenX_10mg,3
SI_C5,TAGACGTGCT,SI,GenX_C,3
SI_A6,GTGACTCGTC,SI,PFOS_5mg,3
SI_C6,TCGAGTAGCG,SI,PFOS_C,3
Colon_B1,CGTATGATGT,Colon,GenX_20mg,1
Colon_D1,TAGTCTGTCA,Colon,GenX_100mg,1
Colon_B2,TGTCTCTATC,Colon,PFOS_10mg,1
Colon_D2,CTAGAGTATC,Colon,PFOS_20mg,1
SI_B1,TATCATGTGC,SI,GenX_20mg,1
SI_D1,CATGAGTGTA,SI,GenX_100mg,1
SI_B2,TGTCGTCATA,SI,PFOS_10mg,1
SI_D2,TATCTCATGC,SI,PFOS_20mg,1
Colon_B3,TGTGTCACTA,Colon,GenX_20mg,2
Colon_D3,TATCGATGCT,Colon,GenX_100mg,2
Colon_B4,TAGAGTCTGT,Colon,PFOS_10mg,2
Colon_D4,CATGCATCAT,Colon,PFOS_20mg,2
SI_B3,TGATCAGTCA,SI,GenX_20mg,2
SI_D3,CGTCTATGAT,SI,GenX_100mg,2
SI_B4,GTGATACTGA,SI,PFOS_10mg,2
SI_D4,CTAGATCTGA,SI,PFOS_20mg,2
Colon_B5,TATCAGTCTG,Colon,GenX_20mg,3
Colon_D5,TCAGATGCTA,Colon,GenX_100mg,3
Colon_B6,TATGTACGTG,Colon,PFOS_10mg,3
Colon_D6,CTATACAGTG,Colon,PFOS_20mg,3
SI_B5,TGATACTCTG,SI,GenX_20mg,3
SI_D5,TCAGCGATAT,SI,GenX_100mg,3
SI_B6,CTACTGATGA,SI,PFOS_10mg,3
SI_D6,GTAGTACACA,SI,PFOS_20mg,3
SI_A7,,SI,GenX_10mg,4
SI_A9,,SI,GenX_10mg,5
SI_B7,,SI,GenX_20mg,4
SI_B9,,SI,GenX_20mg,5
SI_D7,,SI,GenX_100mg,4
SI_D9,,SI,GenX_100mg,5
SI_A8,,SI,PFOS_5mg,4
SI_A10,,SI,PFOS_5mg,5
SI_A12,,SI,PFOS_5mg,6
SI_B8,,SI,PFOS_10mg,4
SI_B10,,SI,PFOS_10mg,5
SI_B12,,SI,PFOS_10mg,6
SI_C8,,SI,PFOS_C,4
SI_C10,,SI,PFOS_C,5
SI_C12,,SI,PFOS_C,6
SI_D8,,SI,PFOS_20mg,4
SI_D10,,SI,PFOS_20mg,5
SI_D12,,SI,PFOS_20mg,6
Colon_A8,,Colon,PFOS_5mg,4
Colon_A10,,Colon,PFOS_5mg,5
Colon_A12,,Colon,PFOS_5mg,6
Colon_D8,,Colon,PFOS_20mg,4
Colon_D10,,Colon,PFOS_20mg,5
Colon_D12,,Colon,PFOS_20mg,6